Hotel URL,Hotel Name,Overview Price,Address,Overall Rating,Staff,Facilities,Cleanliness,Comfort,Value for Money,Location,Free Wifi,Popular Facilities,Checkin Time,Checkout Time
https://www.booking.com/hotel/vn/an-loc-dien-bien-phu.vi.html,An loc hotel,514.800 VND,"Tổ 11,phường mường thanh,thành phố điện biên phủ Số 39,đường nguyễn chí thanh ,thành phố điện biên phủ, Điện Biên Phủ, Việt Nam","8,2","8,2","8,3","8,4","8,3","8,5","9,0","9,0","WiFi miễn phí, Chỗ đỗ xe miễn phí, Phòng không hút thuốc, Dịch vụ phòng, Phòng gia đình",Từ 14:00 - 23:30,Từ 01:00 - 12:00
https://www.booking.com/hotel/vn/a-thia-homestay.vi.html,A Thía homestay,432.636 VND,"Tổ 11, phường Nam Thanh, Thành phố Điện Biên Phủ, tỉnh Điện Biên, Điện Biên Phủ, Việt Nam","9,1","9,5","9,1","9,0","9,2","9,5","8,6","8,1","Hồ bơi ngoài trời, Xe đưa đón sân bay, WiFi nhanh miễn phí (64 Mbps), Chỗ đỗ xe miễn phí, Phòng không hút thuốc, Dịch vụ phòng, Phòng gia đình",Từ 13:00 - 23:30,Từ 10:00 - 11:00
https://www.booking.com/hotel/vn/khach-san-nhu-ngoc-thanh-pho-dien-bien-phu.vi.html,Nhà nghỉ Như Ngọc,,"Số 4, Tổ 2, phường Thanh Bình, Điện Biên Phủ, Việt Nam","8,8","9,1","8,8","9,1","8,9","8,8","8,8",10,"Xe đưa đón sân bay, WiFi miễn phí, Chỗ đỗ xe miễn phí, Phòng không hút thuốc, Dịch vụ phòng, Quầy bar",Từ 12:00 - 18:00,Từ 11:00 - 12:00
https://www.booking.com/hotel/vn/phuong-huyen-beauty.vi.html,Phương Huyền Beauty,391.600 VND,"Đường Võ Nguyên giáp  tổ 2 phường Mường Thanh, Thành phố Điện Biên Phủ Số nhà 970, Điện Biên Phủ, Việt Nam",,,,,,,,,Chỗ đỗ xe miễn phí,Từ 06:00 - 12:00,Phục vụ 24 giờ
https://www.booking.com/hotel/vn/nha-nghi-tam-cuong-dien-bien-phu.vi.html,Nhà nghỉ Tâm Cường,305.357 VND,"Số 46, đường Hoàng Văn Thái, phường Mường Thanh, thành phố Điện Biên Phủ, tỉnh Điện Biên, Điện Biên Phủ, Việt Nam","8,9","9,5","8,6","8,7","8,9","9,4","9,3","7,7","Xe đưa đón sân bay, WiFi miễn phí, Chỗ đỗ xe miễn phí, Phòng không hút thuốc, Dịch vụ phòng, Tiện nghi cho khách khuyết tật, Phòng gia đình",Từ 11:00 - 17:00,Từ 12:00 - 14:00
https://www.booking.com/hotel/vn/pharma.vi.html,Pharma Hotel,630.000 VND,"813 Võ Nguyên Giáp Tổ 7 Phường Tân Thanh, Điện Biên Phủ, Việt Nam","7,8","8,4","7,8","7,7","7,9","8,1","8,5","8,0","Xe đưa đón sân bay, WiFi miễn phí, Chỗ đỗ xe miễn phí, Phòng không hút thuốc, Dịch vụ phòng, Quầy bar",Từ 14:00 - 00:00,Phục vụ 24 giờ
https://www.booking.com/hotel/vn/thinh-vuong-dien-bien-phu.vi.html,Thịnh Vượng HoTel,730.000 VND,"Số 20 , Phan Đình Giót, Điện Biên Phủ, Việt Nam","8,7","9,1","8,7","8,9","8,7","9,0","9,4","8,0","Xe đưa đón sân bay, WiFi miễn phí, Chỗ đỗ xe miễn phí, Phòng không hút thuốc, Dịch vụ phòng, Phòng gia đình, Bữa sáng",Từ 12:00 - 14:00,Từ 10:00 - 12:00
https://www.booking.com/hotel/vn/nha-khach-van-phong-tinh-uy-dien-bien.vi.html,Nhà khách Văn phòng Tỉnh ủy Điện Biên,470.000 VND,"835 đường Võ Nguyên Giáp, 32010 Điện Biên Phủ, Việt Nam",10,10,10,10,10,10,10,,"Chỗ đỗ xe miễn phí, Dịch vụ phòng",Từ 07:00 - 23:00,Từ 07:00 - 12:00
https://www.booking.com/hotel/vn/khach-san-nam-rom.vi.html,Khách sạn Nậm Rốm,538.333 VND,"36 Trần Đăng Ninh, Điện Biên Phủ, Việt Nam","7,5","8,6","7,5","8,0","8,5","8,4","8,8","7,5","Xe đưa đón sân bay, WiFi miễn phí, Chỗ đỗ xe miễn phí, Phòng không hút thuốc, Dịch vụ phòng, Phòng gia đình, Trung tâm Spa & chăm sóc sức khoẻ",Từ 14:00 - 00:00,Từ 12:00 - 00:00
https://www.booking.com/hotel/vn/homstay-muong-troi.vi.html,Homestay Mường Trời,462.500 VND,"Số 01, Tổ dân phố 5, Phường Mường Thanh, thành phố Điện Biên Phủ, tỉnh Điện Biên, Điện Biên Phủ, Việt Nam","8,5","9,2","8,7","8,5","8,6","8,8","9,3","8,8","WiFi miễn phí, Chỗ đỗ xe miễn phí, Dịch vụ phòng, Phòng gia đình, Quầy bar",Từ 13:00 - 18:00,Từ 11:00 - 12:00
https://www.booking.com/hotel/vn/thung-lung-hoa-hong-dien-bien-phu-dien-bien-phu.vi.html,Homestay Điện Biên- Thung Lũng Hoa Hồng,520.000 VND,"Đội 1 Xã Thanh Hưng, Điện Biên Phủ, Việt Nam","7,0","10,0","7,0","8,5","9,5","8,5","8,5",,"Hồ bơi ngoài trời, Xe đưa đón sân bay, WiFi miễn phí, Chỗ đỗ xe miễn phí, Phòng không hút thuốc, Phòng gia đình, Bữa sáng",Từ 14:00,Đến 12:00
https://www.booking.com/hotel/vn/victori-guest-house-nha-nghi-duc-thang.vi.html,Duc Thang Guest House (Nhà Nghỉ Đức Thắng),298.650 VND,"số nhà 12,đường Lò Văn Hặc, tổ 4, phường Thanh Bình , Thành phố Điện Biên Phủ, tỉnh Điện Biên, Điện Biên Phủ, Việt Nam","8,1","8,7","8,1","8,0","7,9","8,8","9,1","7,0","Xe đưa đón sân bay, WiFi nhanh miễn phí (78 Mbps), Chỗ đỗ xe miễn phí, Phòng không hút thuốc, Dịch vụ phòng, Phòng gia đình, Bữa sáng",Phục vụ 24 giờ,Từ 04:00 - 11:30
https://www.booking.com/hotel/vn/muong-thanh-dien-bien.vi.html,Mường Thanh Grand Dien Bien Phu Hotel,3.040.625 VND,"514, 7/5 Street, Điện Biên Phủ, Việt Nam","7,5","8,2","7,1","7,9","8,0","7,5","8,0","8,0","Xe đưa đón sân bay, WiFi miễn phí, Chỗ đỗ xe miễn phí, Phòng không hút thuốc, Dịch vụ phòng, 2 nhà hàng, Phòng gia đình, Trung tâm Spa & chăm sóc sức khoẻ, Quầy bar, Bữa sáng",Từ 14:00 - 23:00,Từ 07:00 - 12:00
https://www.booking.com/hotel/vn/phuong-nam-dien-bien-phu.vi.html,Phuong Nam Hotel,614.286 VND,"211, Group 3, Tan Thanh, Điện Biên Phủ, Việt Nam","7,8","8,0","7,5","8,5","8,5","8,0","8,5",10,"WiFi miễn phí, Chỗ đỗ xe miễn phí, Phòng không hút thuốc, Dịch vụ phòng, Tiện nghi cho khách khuyết tật, Phòng gia đình",Từ 14:00,Đến 12:00
https://www.booking.com/hotel/vn/eco-rose-homestay.vi.html,Eco Rose Homestay,1.024.760 VND,"77 Sùng Phái Sinh, tổ 6, phường Tân Thanh, Điện Biên Phủ, Việt Nam","8,7","9,5","7,7","8,5","8,2","8,1","9,0","7,5","Xe đưa đón sân bay, WiFi miễn phí, Chỗ đỗ xe miễn phí, Phòng không hút thuốc, Nhà hàng, Phòng gia đình, Quầy bar, Bữa sáng",Từ 14:00,Đến 12:00
https://www.booking.com/hotel/vn/tuan-minh-guest-house.vi.html,Tuan Minh Guest House,,"02, Group 4, Thanh Binh Ward, Điện Biên Phủ, Việt Nam","8,1","8,4","7,8","8,0","8,2","8,6","8,4","5,0","WiFi miễn phí, Chỗ đỗ xe miễn phí, Phòng không hút thuốc, Dịch vụ phòng",Từ 07:00,Phục vụ 24 giờ
https://www.booking.com/hotel/vn/minh-thuy-32-nguyen-chi-thanh-dien-bien-by-bay-luxury.vi.html,"Minh Thủy Hotel - 32 Nguyễn Chí Thanh, DB - by BAY LUXURY",669.000 VND,"4 Đường Nguyễn Chí Thanh, Điện Biên Phủ, Việt Nam","7,3","7,1","6,2","7,2","7,7","8,0","8,0",,WiFi miễn phí,Từ 14:00 - 00:00,Từ 06:00 - 12:00
https://www.booking.com/hotel/vn/khach-san-pha-din.vi.html,Khách sạn Pha Đin,708.333 VND,"Số 63, Tổ 1, Phường Thanh Bình, Điện Biên Phủ, Tỉnh Điện Biên, Điện Biên Phủ, Việt Nam","3,0","2,5","2,5","5,0","5,0","5,0","7,5",,"Dịch vụ đưa đón sân bay (miễn phí), WiFi miễn phí, Chỗ đỗ xe miễn phí, Dịch vụ phòng, Quầy bar",Từ 14:00 - 22:00,Từ 08:00 - 12:00
https://www.booking.com/hotel/vn/nha-nghi-quan-an.vi.html,Nhà nghỉ Quân An,449.750 VND,"126 Đường Nguyễn Chí Thanh, Điện Biên Phủ, Việt Nam","8,6",10,"8,9","9,8","9,6","9,6","9,7",10,"WiFi miễn phí, Chỗ đỗ xe miễn phí, Phòng không hút thuốc, Phòng gia đình",Phục vụ 24 giờ,Từ 08:00 - 12:00
https://www.booking.com/hotel/vn/muong-thanh-homestay-thanh-pho-dien-bien-phu.vi.html,Muong Thanh Homestay,751.117 VND,"42 Phan Đình Giót, Điện Biên Phủ, Việt Nam","9,5","9,7","9,4",10,"9,9","9,3","9,7",,"WiFi miễn phí, Chỗ đỗ xe miễn phí, Phòng không hút thuốc, Phòng gia đình",Từ 14:00,Đến 12:00
https://www.booking.com/hotel/vn/a1-dien-bien-phu-dien-bien-phu.vi.html,A1 Hotel - Dien Bien Phu,1.082.500 VND,"3 Hoang Cong Chat, Điện Biên Phủ, Việt Nam","7,6","8,6","7,6","7,5","8,0","7,6","8,6","7,5","WiFi miễn phí, Chỗ đỗ xe miễn phí, Phòng không hút thuốc, Dịch vụ phòng, Nhà hàng, Phòng gia đình, Quầy bar, Có cung cấp nôi/cũi theo yêu cầu",Từ 14:00,Đến 12:00
https://www.booking.com/hotel/vn/hong-ky-boutique.vi.html,Hong Ky Boutique Hotel,519.375 VND,"60 Hoang Cong Chat, Group 19, Muong Thanh, Điện Biên Phủ, Việt Nam","5,2","5,5","6,2","6,6","6,5","5,7","6,9","6,7","Xe đưa đón sân bay, WiFi miễn phí, Chỗ đỗ xe miễn phí, Nhà hàng, Quầy bar, Bữa sáng",Từ 14:00 - 23:30,Từ 06:00 - 12:00
https://www.booking.com/hotel/vn/ha-linh-dien-bien-by-bay-luxury.vi.html,Ha Linh Hotel DB - by BAY LUXURY,585.286 VND,"196 Nguyễn Hữu Thọ, Điện Biên Phủ, Việt Nam",,,,,,,,,"WiFi miễn phí, Chỗ đỗ xe miễn phí, Phòng không hút thuốc, Dịch vụ phòng",Từ 14:00 - 00:00,Từ 00:00 - 12:00
https://www.booking.com/hotel/vn/dong-tham.vi.html,Đông Thắm Hotel,1.710.000 VND,"09, tổ 5, phường Mường Thanh, Điện Biên Phủ, Việt Nam",,,,,,,,,"WiFi miễn phí, Chỗ đỗ xe miễn phí, Dịch vụ phòng, Nhà hàng, Trung tâm Spa & chăm sóc sức khoẻ, Bữa sáng",Từ 14:00 - 00:00,Từ 12:00 - 18:00
https://www.booking.com/hotel/vn/agri-dien-bien-phu-by-bay-luxury.vi.html,Agri Hotel Điện DB - by BAY LUXURY,921.500 VND,"679 Đường Võ Nguyên Giáp, Điện Biên Phủ, Việt Nam",,,,,,,,,WiFi miễn phí,Từ 14:00 - 00:00,Từ 06:00 - 12:00
